cols,rows,block_variant,block_ms,cluster_variant,cluster_ms,cluster_size,trial,workload
4096,2048,block_smem,0.0419741,cluster_smem,0.0472355,2,0,layernorm_backward
8192,2048,block_smem,0.0940243,cluster_smem,0.082329,2,0,layernorm_backward
16384,2048,block_smem,0.219273,cluster_smem,0.187522,2,0,layernorm_backward
32768,2048,block_read,0.550361,cluster_smem,0.416428,2,0,layernorm_backward
65536,2048,block_read,1.11931,cluster_smem,1.28982,2,0,layernorm_backward
4096,2048,block_smem,0.0421629,cluster_smem,0.0474115,2,1,layernorm_backward
8192,2048,block_smem,0.0942227,cluster_smem,0.0824922,2,1,layernorm_backward
16384,2048,block_smem,0.219326,cluster_smem,0.187685,2,1,layernorm_backward
32768,2048,block_read,0.550401,cluster_smem,0.416597,2,1,layernorm_backward
65536,2048,block_read,1.11959,cluster_smem,1.29002,2,1,layernorm_backward
4096,2048,block_smem,0.0421898,cluster_smem,0.0474838,2,2,layernorm_backward
8192,2048,block_smem,0.0942666,cluster_smem,0.082489,2,2,layernorm_backward
16384,2048,block_smem,0.219385,cluster_smem,0.187711,2,2,layernorm_backward
32768,2048,block_read,0.54971,cluster_smem,0.416159,2,2,layernorm_backward
65536,2048,block_read,1.12101,cluster_smem,1.29727,2,2,layernorm_backward
4096,2048,block_smem,0.0421331,cluster_smem,0.0474115,2,3,layernorm_backward
8192,2048,block_smem,0.0941933,cluster_smem,0.0825021,2,3,layernorm_backward
16384,2048,block_smem,0.219385,cluster_smem,0.187709,2,3,layernorm_backward
32768,2048,block_read,0.550323,cluster_smem,0.416547,2,3,layernorm_backward
65536,2048,block_read,1.11994,cluster_smem,1.28994,2,3,layernorm_backward
4096,2048,block_smem,0.0420557,cluster_smem,0.0472928,2,4,layernorm_backward
8192,2048,block_smem,0.0940739,cluster_smem,0.0822899,2,4,layernorm_backward
16384,2048,block_smem,0.219316,cluster_smem,0.187486,2,4,layernorm_backward
32768,2048,block_read,0.550144,cluster_smem,0.416527,2,4,layernorm_backward
65536,2048,block_read,1.12005,cluster_smem,1.28995,2,4,layernorm_backward
4096,2048,block_smem,0.042039,cluster_smem,0.069023,4,0,layernorm_backward
8192,2048,block_smem,0.094127,cluster_smem,0.0930986,4,0,layernorm_backward
16384,2048,block_smem,0.219258,cluster_smem,0.157369,4,0,layernorm_backward
32768,2048,block_read,0.550303,cluster_smem,0.374023,4,0,layernorm_backward
65536,2048,block_read,1.11953,cluster_smem,0.838215,4,0,layernorm_backward
4096,2048,block_smem,0.0422326,cluster_smem,0.0692333,4,1,layernorm_backward
8192,2048,block_smem,0.0942819,cluster_smem,0.0932595,4,1,layernorm_backward
16384,2048,block_smem,0.219416,cluster_smem,0.157577,4,1,layernorm_backward
32768,2048,block_read,0.550467,cluster_smem,0.374235,4,1,layernorm_backward
65536,2048,block_read,1.11985,cluster_smem,0.838196,4,1,layernorm_backward
4096,2048,block_smem,0.0420614,cluster_smem,0.0690352,4,2,layernorm_backward
8192,2048,block_smem,0.0939802,cluster_smem,0.093081,4,2,layernorm_backward
16384,2048,block_smem,0.219301,cluster_smem,0.157401,4,2,layernorm_backward
32768,2048,block_read,0.550188,cluster_smem,0.374109,4,2,layernorm_backward
65536,2048,block_read,1.11747,cluster_smem,0.838837,4,2,layernorm_backward
4096,2048,block_smem,0.0421645,cluster_smem,0.0691258,4,3,layernorm_backward
8192,2048,block_smem,0.0943437,cluster_smem,0.0932614,4,3,layernorm_backward
16384,2048,block_smem,0.219374,cluster_smem,0.157468,4,3,layernorm_backward
32768,2048,block_read,0.550441,cluster_smem,0.374206,4,3,layernorm_backward
65536,2048,block_read,1.12014,cluster_smem,0.838345,4,3,layernorm_backward
4096,2048,block_smem,0.0421981,cluster_smem,0.0691082,4,4,layernorm_backward
8192,2048,block_smem,0.0942144,cluster_smem,0.0931722,4,4,layernorm_backward
16384,2048,block_smem,0.219403,cluster_smem,0.157557,4,4,layernorm_backward
32768,2048,block_read,0.549717,cluster_smem,0.372469,4,4,layernorm_backward
65536,2048,block_read,1.12103,cluster_smem,0.837733,4,4,layernorm_backward
4096,2048,block_smem,0.042136,cluster_smem,0.136895,8,0,layernorm_backward
8192,2048,block_smem,0.0942294,cluster_smem,0.137477,8,0,layernorm_backward
16384,2048,block_smem,0.2195,cluster_smem,0.183447,8,0,layernorm_backward
32768,2048,block_read,0.549648,cluster_smem,0.311364,8,0,layernorm_backward
65536,2048,block_read,1.11746,cluster_smem,0.745437,8,0,layernorm_backward
4096,2048,block_smem,0.0421456,cluster_smem,0.136889,8,1,layernorm_backward
8192,2048,block_smem,0.094137,cluster_smem,0.137431,8,1,layernorm_backward
16384,2048,block_smem,0.219439,cluster_smem,0.183213,8,1,layernorm_backward
32768,2048,block_read,0.549608,cluster_smem,0.311371,8,1,layernorm_backward
65536,2048,block_read,1.12067,cluster_smem,0.743487,8,1,layernorm_backward
4096,2048,block_smem,0.0419808,cluster_smem,0.136789,8,2,layernorm_backward
8192,2048,block_smem,0.0940461,cluster_smem,0.137136,8,2,layernorm_backward
16384,2048,block_smem,0.219236,cluster_smem,0.18298,8,2,layernorm_backward
32768,2048,block_read,0.550128,cluster_smem,0.310236,8,2,layernorm_backward
65536,2048,block_read,1.11911,cluster_smem,0.744341,8,2,layernorm_backward
4096,2048,block_smem,0.0421654,cluster_smem,0.136956,8,3,layernorm_backward
8192,2048,block_smem,0.094233,cluster_smem,0.137536,8,3,layernorm_backward
16384,2048,block_smem,0.219436,cluster_smem,0.183054,8,3,layernorm_backward
32768,2048,block_read,0.549576,cluster_smem,0.311454,8,3,layernorm_backward
65536,2048,block_read,1.11806,cluster_smem,0.745602,8,3,layernorm_backward
4096,2048,block_smem,0.0419638,cluster_smem,0.136692,8,4,layernorm_backward
8192,2048,block_smem,0.0940842,cluster_smem,0.137046,8,4,layernorm_backward
16384,2048,block_smem,0.219255,cluster_smem,0.18307,8,4,layernorm_backward
32768,2048,block_read,0.550153,cluster_smem,0.310359,8,4,layernorm_backward
65536,2048,block_read,1.11984,cluster_smem,0.744592,8,4,layernorm_backward
4096,4096,block_smem,0.10478,cluster_smem,0.12028,2,0,weighted_var_backward
8192,4096,block_smem,0.256831,cluster_smem,0.234331,2,0,weighted_var_backward
16384,4096,block_smem,0.690187,cluster_smem,0.558273,2,0,weighted_var_backward
32768,4096,block_read,1.7757,cluster_smem,1.42448,2,0,weighted_var_backward
65536,4096,block_read,3.57984,n/a,nan,2,0,weighted_var_backward
4096,4096,block_smem,0.104833,cluster_smem,0.12015,2,1,weighted_var_backward
8192,4096,block_smem,0.256754,cluster_smem,0.233788,2,1,weighted_var_backward
16384,4096,block_smem,0.696519,cluster_smem,0.557493,2,1,weighted_var_backward
32768,4096,block_read,1.77819,cluster_smem,1.40772,2,1,weighted_var_backward
65536,4096,block_read,3.57772,n/a,nan,2,1,weighted_var_backward
4096,4096,block_smem,0.104523,cluster_smem,0.119886,2,2,weighted_var_backward
8192,4096,block_smem,0.256668,cluster_smem,0.233777,2,2,weighted_var_backward
16384,4096,block_smem,0.69726,cluster_smem,0.557367,2,2,weighted_var_backward
32768,4096,block_read,1.778,cluster_smem,1.40809,2,2,weighted_var_backward
65536,4096,block_read,3.5732,n/a,nan,2,2,weighted_var_backward
4096,4096,block_smem,0.104627,cluster_smem,0.120008,2,3,weighted_var_backward
8192,4096,block_smem,0.256543,cluster_smem,0.233777,2,3,weighted_var_backward
16384,4096,block_smem,0.691126,cluster_smem,0.557833,2,3,weighted_var_backward
32768,4096,block_read,1.77829,cluster_smem,1.42451,2,3,weighted_var_backward
65536,4096,block_read,3.58016,n/a,nan,2,3,weighted_var_backward
4096,4096,block_smem,0.104395,cluster_smem,0.119882,2,4,weighted_var_backward
8192,4096,block_smem,0.256379,cluster_smem,0.233786,2,4,weighted_var_backward
16384,4096,block_smem,0.696404,cluster_smem,0.558511,2,4,weighted_var_backward
32768,4096,block_read,1.77818,cluster_smem,1.42465,2,4,weighted_var_backward
65536,4096,block_read,3.5794,n/a,nan,2,4,weighted_var_backward
4096,4096,block_smem,0.104661,cluster_smem,0.176672,4,0,weighted_var_backward
8192,4096,block_smem,0.256769,cluster_smem,0.238872,4,0,weighted_var_backward
16384,4096,block_smem,0.69765,cluster_smem,0.497143,4,0,weighted_var_backward
32768,4096,block_read,1.77829,cluster_smem,1.17993,4,0,weighted_var_backward
65536,4096,block_read,3.57943,cluster_smem,3.08363,4,0,weighted_var_backward
4096,4096,block_smem,0.104965,cluster_smem,0.176851,4,1,weighted_var_backward
8192,4096,block_smem,0.256874,cluster_smem,0.239117,4,1,weighted_var_backward
16384,4096,block_smem,0.691072,cluster_smem,0.497081,4,1,weighted_var_backward
32768,4096,block_read,1.77842,cluster_smem,1.1798,4,1,weighted_var_backward
65536,4096,block_read,3.57933,cluster_smem,3.1044,4,1,weighted_var_backward
4096,4096,block_smem,0.104552,cluster_smem,0.176891,4,2,weighted_var_backward
8192,4096,block_smem,0.25668,cluster_smem,0.238761,4,2,weighted_var_backward
16384,4096,block_smem,0.697713,cluster_smem,0.496907,4,2,weighted_var_backward
32768,4096,block_read,1.77851,cluster_smem,1.1801,4,2,weighted_var_backward
65536,4096,block_read,3.579,cluster_smem,3.07987,4,2,weighted_var_backward
4096,4096,block_smem,0.104499,cluster_smem,0.176421,4,3,weighted_var_backward
8192,4096,block_smem,0.256495,cluster_smem,0.23868,4,3,weighted_var_backward
16384,4096,block_smem,0.697485,cluster_smem,0.496828,4,3,weighted_var_backward
32768,4096,block_read,1.77786,cluster_smem,1.17375,4,3,weighted_var_backward
65536,4096,block_read,3.57788,cluster_smem,3.08762,4,3,weighted_var_backward
4096,4096,block_smem,0.104627,cluster_smem,0.176645,4,4,weighted_var_backward
8192,4096,block_smem,0.256587,cluster_smem,0.238736,4,4,weighted_var_backward
16384,4096,block_smem,0.697114,cluster_smem,0.497148,4,4,weighted_var_backward
32768,4096,block_read,1.77836,cluster_smem,1.17981,4,4,weighted_var_backward
65536,4096,block_read,3.57904,cluster_smem,3.08264,4,4,weighted_var_backward
4096,4096,block_smem,0.10464,cluster_smem,0.331,8,0,weighted_var_backward
8192,4096,block_smem,0.256508,cluster_smem,0.37313,8,0,weighted_var_backward
16384,4096,block_smem,0.697164,cluster_smem,0.487421,8,0,weighted_var_backward
32768,4096,block_read,1.77551,cluster_smem,1.00282,8,0,weighted_var_backward
65536,4096,block_read,3.57884,cluster_smem,2.49053,8,0,weighted_var_backward
4096,4096,block_smem,0.104521,cluster_smem,0.330863,8,1,weighted_var_backward
8192,4096,block_smem,0.256421,cluster_smem,0.37323,8,1,weighted_var_backward
16384,4096,block_smem,0.696846,cluster_smem,0.487329,8,1,weighted_var_backward
32768,4096,block_read,1.77514,cluster_smem,1.00152,8,1,weighted_var_backward
65536,4096,block_read,3.57956,cluster_smem,2.49079,8,1,weighted_var_backward
4096,4096,block_smem,0.104431,cluster_smem,0.33074,8,2,weighted_var_backward
8192,4096,block_smem,0.256413,cluster_smem,0.37265,8,2,weighted_var_backward
16384,4096,block_smem,0.696836,cluster_smem,0.48758,8,2,weighted_var_backward
32768,4096,block_read,1.77549,cluster_smem,1.00353,8,2,weighted_var_backward
65536,4096,block_read,3.57926,cluster_smem,2.48964,8,2,weighted_var_backward
4096,4096,block_smem,0.10445,cluster_smem,0.330941,8,3,weighted_var_backward
8192,4096,block_smem,0.256422,cluster_smem,0.372551,8,3,weighted_var_backward
16384,4096,block_smem,0.696018,cluster_smem,0.487549,8,3,weighted_var_backward
32768,4096,block_read,1.77833,cluster_smem,1.00214,8,3,weighted_var_backward
65536,4096,block_read,3.57938,cluster_smem,2.48292,8,3,weighted_var_backward
4096,4096,block_smem,0.104547,cluster_smem,0.330887,8,4,weighted_var_backward
8192,4096,block_smem,0.256663,cluster_smem,0.372869,8,4,weighted_var_backward
16384,4096,block_smem,0.691185,cluster_smem,0.487623,8,4,weighted_var_backward
32768,4096,block_read,1.77873,cluster_smem,1.00593,8,4,weighted_var_backward
65536,4096,block_read,3.5794,cluster_smem,2.48466,8,4,weighted_var_backward
4096,4096,block_smem,0.0948938,cluster_smem,0.106368,2,0,pearson_backward
8192,4096,block_smem,0.18876,cluster_smem,0.185905,2,0,pearson_backward
16384,4096,block_smem,0.519034,cluster_smem,0.379608,2,0,pearson_backward
32768,4096,block_read,1.1324,cluster_smem,1.06348,2,0,pearson_backward
65536,4096,block_read,2.27784,n/a,nan,2,0,pearson_backward
4096,4096,block_smem,0.094713,cluster_smem,0.106316,2,1,pearson_backward
8192,4096,block_smem,0.188694,cluster_smem,0.185721,2,1,pearson_backward
16384,4096,block_smem,0.522237,cluster_smem,0.380707,2,1,pearson_backward
32768,4096,block_read,1.13225,cluster_smem,1.06198,2,1,pearson_backward
65536,4096,block_read,2.27725,n/a,nan,2,1,pearson_backward
4096,4096,block_smem,0.0948074,cluster_smem,0.106397,2,2,pearson_backward
8192,4096,block_smem,0.188861,cluster_smem,0.185863,2,2,pearson_backward
16384,4096,block_smem,0.522258,cluster_smem,0.380654,2,2,pearson_backward
32768,4096,block_read,1.13242,cluster_smem,1.06248,2,2,pearson_backward
65536,4096,block_read,2.31309,n/a,nan,2,2,pearson_backward
4096,4096,block_smem,0.0947501,cluster_smem,0.106383,2,3,pearson_backward
8192,4096,block_smem,0.188821,cluster_smem,0.185983,2,3,pearson_backward
16384,4096,block_smem,0.52241,cluster_smem,0.380923,2,3,pearson_backward
32768,4096,block_read,1.13254,cluster_smem,1.06348,2,3,pearson_backward
65536,4096,block_read,2.28765,n/a,nan,2,3,pearson_backward
4096,4096,block_smem,0.094799,cluster_smem,0.10628,2,4,pearson_backward
8192,4096,block_smem,0.188724,cluster_smem,0.185734,2,4,pearson_backward
16384,4096,block_smem,0.522596,cluster_smem,0.380851,2,4,pearson_backward
32768,4096,block_read,1.1323,cluster_smem,1.06134,2,4,pearson_backward
65536,4096,block_read,2.28698,n/a,nan,2,4,pearson_backward
4096,4096,block_smem,0.0947427,cluster_smem,0.13192,4,0,pearson_backward
8192,4096,block_smem,0.188772,cluster_smem,0.216311,4,0,pearson_backward
16384,4096,block_smem,0.519124,cluster_smem,0.369172,4,0,pearson_backward
32768,4096,block_read,1.13255,cluster_smem,0.771915,4,0,pearson_backward
65536,4096,block_read,2.28765,cluster_smem,2.28001,4,0,pearson_backward
4096,4096,block_smem,0.0946733,cluster_smem,0.131723,4,1,pearson_backward
8192,4096,block_smem,0.188752,cluster_smem,0.216263,4,1,pearson_backward
16384,4096,block_smem,0.522317,cluster_smem,0.371428,4,1,pearson_backward
32768,4096,block_read,1.13206,cluster_smem,0.771137,4,1,pearson_backward
65536,4096,block_read,2.28769,cluster_smem,2.27818,4,1,pearson_backward
4096,4096,block_smem,0.0947789,cluster_smem,0.132025,4,2,pearson_backward
8192,4096,block_smem,0.1887,cluster_smem,0.216219,4,2,pearson_backward
16384,4096,block_smem,0.518672,cluster_smem,0.369113,4,2,pearson_backward
32768,4096,block_read,1.13106,cluster_smem,0.771828,4,2,pearson_backward
65536,4096,block_read,2.28753,cluster_smem,2.27862,4,2,pearson_backward
4096,4096,block_smem,0.0948224,cluster_smem,0.131698,4,3,pearson_backward
8192,4096,block_smem,0.188794,cluster_smem,0.216527,4,3,pearson_backward
16384,4096,block_smem,0.519204,cluster_smem,0.369453,4,3,pearson_backward
32768,4096,block_read,1.13226,cluster_smem,0.771284,4,3,pearson_backward
65536,4096,block_read,2.28776,cluster_smem,2.27988,4,3,pearson_backward
4096,4096,block_smem,0.0947053,cluster_smem,0.132026,4,4,pearson_backward
8192,4096,block_smem,0.188604,cluster_smem,0.216194,4,4,pearson_backward
16384,4096,block_smem,0.522343,cluster_smem,0.371534,4,4,pearson_backward
32768,4096,block_read,1.13234,cluster_smem,0.771107,4,4,pearson_backward
65536,4096,block_read,2.28769,cluster_smem,2.27934,4,4,pearson_backward
4096,4096,block_smem,0.0946534,cluster_smem,0.240338,8,0,pearson_backward
8192,4096,block_smem,0.188659,cluster_smem,0.264933,8,0,pearson_backward
16384,4096,block_smem,0.522459,cluster_smem,0.438756,8,0,pearson_backward
32768,4096,block_read,1.13202,cluster_smem,0.744963,8,0,pearson_backward
65536,4096,block_read,2.2777,cluster_smem,1.56497,8,0,pearson_backward
4096,4096,block_smem,0.0946128,cluster_smem,0.240191,8,1,pearson_backward
8192,4096,block_smem,0.188717,cluster_smem,0.265092,8,1,pearson_backward
16384,4096,block_smem,0.518912,cluster_smem,0.434943,8,1,pearson_backward
32768,4096,block_read,1.13238,cluster_smem,0.744792,8,1,pearson_backward
65536,4096,block_read,2.27615,cluster_smem,1.56379,8,1,pearson_backward
4096,4096,block_smem,0.0947581,cluster_smem,0.239911,8,2,pearson_backward
8192,4096,block_smem,0.188722,cluster_smem,0.26512,8,2,pearson_backward
16384,4096,block_smem,0.51898,cluster_smem,0.435476,8,2,pearson_backward
32768,4096,block_read,1.13206,cluster_smem,0.744855,8,2,pearson_backward
65536,4096,block_read,2.27728,cluster_smem,1.56613,8,2,pearson_backward
4096,4096,block_smem,0.0947053,cluster_smem,0.240583,8,3,pearson_backward
8192,4096,block_smem,0.188687,cluster_smem,0.265276,8,3,pearson_backward
16384,4096,block_smem,0.518717,cluster_smem,0.435376,8,3,pearson_backward
32768,4096,block_read,1.1306,cluster_smem,0.745695,8,3,pearson_backward
65536,4096,block_read,2.28689,cluster_smem,1.55969,8,3,pearson_backward
4096,4096,block_smem,0.0946426,cluster_smem,0.240635,8,4,pearson_backward
8192,4096,block_smem,0.188721,cluster_smem,0.265169,8,4,pearson_backward
16384,4096,block_smem,0.522702,cluster_smem,0.438461,8,4,pearson_backward
32768,4096,block_read,1.13231,cluster_smem,0.745577,8,4,pearson_backward
65536,4096,block_read,2.28837,cluster_smem,1.55836,8,4,pearson_backward
4096,4096,block_smem,0.0743738,cluster_smem,0.0961962,2,0,softmax_logits_backward
8192,4096,block_smem,0.153477,cluster_smem,0.162391,2,0,softmax_logits_backward
16384,4096,block_smem,0.522382,cluster_smem,0.32046,2,0,softmax_logits_backward
32768,4096,block_read,1.25844,cluster_smem,1.12676,2,0,softmax_logits_backward
65536,4096,block_read,2.53952,n/a,nan,2,0,softmax_logits_backward
4096,4096,block_smem,0.0742976,cluster_smem,0.096159,2,1,softmax_logits_backward
8192,4096,block_smem,0.153374,cluster_smem,0.162208,2,1,softmax_logits_backward
16384,4096,block_smem,0.522294,cluster_smem,0.320183,2,1,softmax_logits_backward
32768,4096,block_read,1.2598,cluster_smem,1.12779,2,1,softmax_logits_backward
65536,4096,block_read,2.54261,n/a,nan,2,1,softmax_logits_backward
4096,4096,block_smem,0.074201,cluster_smem,0.0960986,2,2,softmax_logits_backward
8192,4096,block_smem,0.153221,cluster_smem,0.162347,2,2,softmax_logits_backward
16384,4096,block_smem,0.521532,cluster_smem,0.320595,2,2,softmax_logits_backward
32768,4096,block_read,1.25735,cluster_smem,1.12729,2,2,softmax_logits_backward
65536,4096,block_read,2.54465,n/a,nan,2,2,softmax_logits_backward
4096,4096,block_smem,0.0743642,cluster_smem,0.0962266,2,3,softmax_logits_backward
8192,4096,block_smem,0.153246,cluster_smem,0.162458,2,3,softmax_logits_backward
16384,4096,block_smem,0.522387,cluster_smem,0.320223,2,3,softmax_logits_backward
32768,4096,block_read,1.25922,cluster_smem,1.12777,2,3,softmax_logits_backward
65536,4096,block_read,2.54347,n/a,nan,2,3,softmax_logits_backward
4096,4096,block_smem,0.0742214,cluster_smem,0.0962342,2,4,softmax_logits_backward
8192,4096,block_smem,0.153328,cluster_smem,0.162386,2,4,softmax_logits_backward
16384,4096,block_smem,0.522402,cluster_smem,0.320404,2,4,softmax_logits_backward
32768,4096,block_read,1.25967,cluster_smem,1.12834,2,4,softmax_logits_backward
65536,4096,block_read,2.53955,n/a,nan,2,4,softmax_logits_backward
4096,4096,block_smem,0.0741856,cluster_smem,0.148039,4,0,softmax_logits_backward
8192,4096,block_smem,0.153267,cluster_smem,0.194694,4,0,softmax_logits_backward
16384,4096,block_smem,0.522215,cluster_smem,0.328951,4,0,softmax_logits_backward
32768,4096,block_read,1.25928,cluster_smem,0.672913,4,0,softmax_logits_backward
65536,4096,block_read,2.54277,cluster_smem,2.38123,4,0,softmax_logits_backward
4096,4096,block_smem,0.0740573,cluster_smem,0.147963,4,1,softmax_logits_backward
8192,4096,block_smem,0.153298,cluster_smem,0.194843,4,1,softmax_logits_backward
16384,4096,block_smem,0.52247,cluster_smem,0.329117,4,1,softmax_logits_backward
32768,4096,block_read,1.25939,cluster_smem,0.673074,4,1,softmax_logits_backward
65536,4096,block_read,2.53908,cluster_smem,2.38225,4,1,softmax_logits_backward
4096,4096,block_smem,0.0739894,cluster_smem,0.14794,4,2,softmax_logits_backward
8192,4096,block_smem,0.153347,cluster_smem,0.1947,4,2,softmax_logits_backward
16384,4096,block_smem,0.522252,cluster_smem,0.328954,4,2,softmax_logits_backward
32768,4096,block_read,1.25874,cluster_smem,0.672082,4,2,softmax_logits_backward
65536,4096,block_read,2.54317,cluster_smem,2.38006,4,2,softmax_logits_backward
4096,4096,block_smem,0.0743354,cluster_smem,0.148638,4,3,softmax_logits_backward
8192,4096,block_smem,0.153408,cluster_smem,0.195009,4,3,softmax_logits_backward
16384,4096,block_smem,0.521638,cluster_smem,0.328893,4,3,softmax_logits_backward
32768,4096,block_read,1.25749,cluster_smem,0.670736,4,3,softmax_logits_backward
65536,4096,block_read,2.54454,cluster_smem,2.39035,4,3,softmax_logits_backward
4096,4096,block_smem,0.074431,cluster_smem,0.148553,4,4,softmax_logits_backward
8192,4096,block_smem,0.15363,cluster_smem,0.195206,4,4,softmax_logits_backward
16384,4096,block_smem,0.522411,cluster_smem,0.329322,4,4,softmax_logits_backward
32768,4096,block_read,1.2595,cluster_smem,0.673407,4,4,softmax_logits_backward
65536,4096,block_read,2.54326,cluster_smem,2.3821,4,4,softmax_logits_backward
4096,4096,block_smem,0.0742608,cluster_smem,0.29229,8,0,softmax_logits_backward
8192,4096,block_smem,0.15334,cluster_smem,0.307209,8,0,softmax_logits_backward
16384,4096,block_smem,0.522297,cluster_smem,0.397042,8,0,softmax_logits_backward
32768,4096,block_read,1.25864,cluster_smem,0.670789,8,0,softmax_logits_backward
65536,4096,block_read,2.54308,cluster_smem,1.40713,8,0,softmax_logits_backward
4096,4096,block_smem,0.0742211,cluster_smem,0.292168,8,1,softmax_logits_backward
8192,4096,block_smem,0.153392,cluster_smem,0.307438,8,1,softmax_logits_backward
16384,4096,block_smem,0.522324,cluster_smem,0.396649,8,1,softmax_logits_backward
32768,4096,block_read,1.25891,cluster_smem,0.670228,8,1,softmax_logits_backward
65536,4096,block_read,2.54312,cluster_smem,1.406,8,1,softmax_logits_backward
4096,4096,block_smem,0.0743142,cluster_smem,0.292089,8,2,softmax_logits_backward
8192,4096,block_smem,0.153566,cluster_smem,0.306901,8,2,softmax_logits_backward
16384,4096,block_smem,0.52171,cluster_smem,0.396981,8,2,softmax_logits_backward
32768,4096,block_read,1.25784,cluster_smem,0.670396,8,2,softmax_logits_backward
65536,4096,block_read,2.54294,cluster_smem,1.40532,8,2,softmax_logits_backward
4096,4096,block_smem,0.0741725,cluster_smem,0.292222,8,3,softmax_logits_backward
8192,4096,block_smem,0.153271,cluster_smem,0.307243,8,3,softmax_logits_backward
16384,4096,block_smem,0.521517,cluster_smem,0.396456,8,3,softmax_logits_backward
32768,4096,block_read,1.25748,cluster_smem,0.670378,8,3,softmax_logits_backward
65536,4096,block_read,2.54297,cluster_smem,1.4075,8,3,softmax_logits_backward
4096,4096,block_smem,0.0743811,cluster_smem,0.292481,8,4,softmax_logits_backward
8192,4096,block_smem,0.153504,cluster_smem,0.307123,8,4,softmax_logits_backward
16384,4096,block_smem,0.522958,cluster_smem,0.39734,8,4,softmax_logits_backward
32768,4096,block_read,1.25889,cluster_smem,0.670569,8,4,softmax_logits_backward
65536,4096,block_read,2.54296,cluster_smem,1.40609,8,4,softmax_logits_backward
4096,4096,block_smem,0.120881,cluster_smem,0.118256,2,0,lars_momentum
8192,4096,block_smem,0.276364,cluster_smem,0.233798,2,0,lars_momentum
16384,4096,block_smem,0.74047,cluster_smem,0.511583,2,0,lars_momentum
32768,4096,block_read,1.48867,cluster_smem,1.29536,2,0,lars_momentum
65536,4096,block_read,3.00087,n/a,nan,2,0,lars_momentum
4096,4096,block_smem,0.120824,cluster_smem,0.118291,2,1,lars_momentum
8192,4096,block_smem,0.275995,cluster_smem,0.233741,2,1,lars_momentum
16384,4096,block_smem,0.733908,cluster_smem,0.512382,2,1,lars_momentum
32768,4096,block_read,1.48633,cluster_smem,1.29055,2,1,lars_momentum
65536,4096,block_read,3.0073,n/a,nan,2,1,lars_momentum
4096,4096,block_smem,0.120812,cluster_smem,0.118319,2,2,lars_momentum
8192,4096,block_smem,0.276083,cluster_smem,0.233752,2,2,lars_momentum
16384,4096,block_smem,0.740769,cluster_smem,0.511729,2,2,lars_momentum
32768,4096,block_read,1.48889,cluster_smem,1.29589,2,2,lars_momentum
65536,4096,block_read,2.99944,n/a,nan,2,2,lars_momentum
4096,4096,block_smem,0.120839,cluster_smem,0.118283,2,3,lars_momentum
8192,4096,block_smem,0.27632,cluster_smem,0.233813,2,3,lars_momentum
16384,4096,block_smem,0.73388,cluster_smem,0.512355,2,3,lars_momentum
32768,4096,block_read,1.48666,cluster_smem,1.29036,2,3,lars_momentum
65536,4096,block_read,3.01174,n/a,nan,2,3,lars_momentum
4096,4096,block_smem,0.120626,cluster_smem,0.118161,2,4,lars_momentum
8192,4096,block_smem,0.27602,cluster_smem,0.233642,2,4,lars_momentum
16384,4096,block_smem,0.740245,cluster_smem,0.511476,2,4,lars_momentum
32768,4096,block_read,1.48532,cluster_smem,1.29155,2,4,lars_momentum
65536,4096,block_read,3.00718,n/a,nan,2,4,lars_momentum
4096,4096,block_smem,0.120812,cluster_smem,0.125671,4,0,lars_momentum
8192,4096,block_smem,0.276034,cluster_smem,0.231663,4,0,lars_momentum
16384,4096,block_smem,0.733735,cluster_smem,0.467151,4,0,lars_momentum
32768,4096,block_read,1.48542,cluster_smem,1.04622,4,0,lars_momentum
65536,4096,block_read,3.00764,cluster_smem,2.74092,4,0,lars_momentum
4096,4096,block_smem,0.120921,cluster_smem,0.125746,4,1,lars_momentum
8192,4096,block_smem,0.27586,cluster_smem,0.232182,4,1,lars_momentum
16384,4096,block_smem,0.733949,cluster_smem,0.467489,4,1,lars_momentum
32768,4096,block_read,1.48618,cluster_smem,1.04421,4,1,lars_momentum
65536,4096,block_read,2.9996,cluster_smem,2.75973,4,1,lars_momentum
4096,4096,block_smem,0.120725,cluster_smem,0.125571,4,2,lars_momentum
8192,4096,block_smem,0.276062,cluster_smem,0.23184,4,2,lars_momentum
16384,4096,block_smem,0.733693,cluster_smem,0.46728,4,2,lars_momentum
32768,4096,block_read,1.48607,cluster_smem,1.04495,4,2,lars_momentum
65536,4096,block_read,3.00663,cluster_smem,2.75023,4,2,lars_momentum
4096,4096,block_smem,0.120708,cluster_smem,0.125451,4,3,lars_momentum
8192,4096,block_smem,0.275808,cluster_smem,0.232122,4,3,lars_momentum
16384,4096,block_smem,0.733773,cluster_smem,0.467286,4,3,lars_momentum
32768,4096,block_read,1.48593,cluster_smem,1.04446,4,3,lars_momentum
65536,4096,block_read,3.00663,cluster_smem,2.74958,4,3,lars_momentum
4096,4096,block_smem,0.120656,cluster_smem,0.125545,4,4,lars_momentum
8192,4096,block_smem,0.276015,cluster_smem,0.231772,4,4,lars_momentum
16384,4096,block_smem,0.733657,cluster_smem,0.467152,4,4,lars_momentum
32768,4096,block_read,1.4863,cluster_smem,1.04439,4,4,lars_momentum
65536,4096,block_read,3.01062,cluster_smem,2.7516,4,4,lars_momentum
4096,4096,block_smem,0.120902,cluster_smem,0.188991,8,0,lars_momentum
8192,4096,block_smem,0.276186,cluster_smem,0.243831,8,0,lars_momentum
16384,4096,block_smem,0.733971,cluster_smem,0.461916,8,0,lars_momentum
32768,4096,block_read,1.48633,cluster_smem,0.937827,8,0,lars_momentum
65536,4096,block_read,3.0112,cluster_smem,2.17486,8,0,lars_momentum
4096,4096,block_smem,0.120819,cluster_smem,0.188495,8,1,lars_momentum
8192,4096,block_smem,0.276051,cluster_smem,0.243793,8,1,lars_momentum
16384,4096,block_smem,0.733854,cluster_smem,0.461897,8,1,lars_momentum
32768,4096,block_read,1.48645,cluster_smem,0.93766,8,1,lars_momentum
65536,4096,block_read,3.00198,cluster_smem,2.18123,8,1,lars_momentum
4096,4096,block_smem,0.120633,cluster_smem,0.188423,8,2,lars_momentum
8192,4096,block_smem,0.276062,cluster_smem,0.24368,8,2,lars_momentum
16384,4096,block_smem,0.741258,cluster_smem,0.4617,8,2,lars_momentum
32768,4096,block_read,1.48838,cluster_smem,0.943512,8,2,lars_momentum
65536,4096,block_read,3.00146,cluster_smem,2.20912,8,2,lars_momentum
4096,4096,block_smem,0.120953,cluster_smem,0.189237,8,3,lars_momentum
8192,4096,block_smem,0.27634,cluster_smem,0.24417,8,3,lars_momentum
16384,4096,block_smem,0.733878,cluster_smem,0.462013,8,3,lars_momentum
32768,4096,block_read,1.48647,cluster_smem,0.939773,8,3,lars_momentum
65536,4096,block_read,3.00387,cluster_smem,2.1985,8,3,lars_momentum
4096,4096,block_smem,0.121366,cluster_smem,0.189577,8,4,lars_momentum
8192,4096,block_smem,0.276186,cluster_smem,0.243705,8,4,lars_momentum
16384,4096,block_smem,0.734292,cluster_smem,0.462108,8,4,lars_momentum
32768,4096,block_read,1.48638,cluster_smem,0.938172,8,4,lars_momentum
65536,4096,block_read,3.00325,cluster_smem,2.19657,8,4,lars_momentum
4096,4096,block_read,0.0323834,cluster_smem,0.0470234,2,0,rowwise_quant
8192,4096,block_smem,0.0613318,cluster_smem,0.0693808,2,0,rowwise_quant
16384,4096,block_smem,0.118717,cluster_smem,0.125137,2,0,rowwise_quant
32768,4096,block_smem,0.35938,cluster_smem,0.267677,2,0,rowwise_quant
65536,4096,block_read,0.837566,cluster_smem,0.925371,2,0,rowwise_quant
4096,4096,block_read,0.0323568,cluster_smem,0.047049,2,1,rowwise_quant
8192,4096,block_smem,0.0613091,cluster_smem,0.0692893,2,1,rowwise_quant
16384,4096,block_smem,0.118722,cluster_smem,0.12481,2,1,rowwise_quant
32768,4096,block_smem,0.358788,cluster_smem,0.268334,2,1,rowwise_quant
65536,4096,block_read,0.837301,cluster_smem,0.924745,2,1,rowwise_quant
4096,4096,block_read,0.0323446,cluster_smem,0.0469738,2,2,rowwise_quant
8192,4096,block_smem,0.0613187,cluster_smem,0.0693466,2,2,rowwise_quant
16384,4096,block_smem,0.11868,cluster_smem,0.124751,2,2,rowwise_quant
32768,4096,block_smem,0.360004,cluster_smem,0.269452,2,2,rowwise_quant
65536,4096,block_read,0.837809,cluster_smem,0.924931,2,2,rowwise_quant
4096,4096,block_read,0.0323024,cluster_smem,0.0468998,2,3,rowwise_quant
8192,4096,block_smem,0.0613104,cluster_smem,0.0693408,2,3,rowwise_quant
16384,4096,block_smem,0.118718,cluster_smem,0.125077,2,3,rowwise_quant
32768,4096,block_smem,0.360051,cluster_smem,0.267636,2,3,rowwise_quant
65536,4096,block_read,0.837831,cluster_smem,0.92462,2,3,rowwise_quant
4096,4096,block_smem,0.0324602,cluster_smem,0.0470035,2,4,rowwise_quant
8192,4096,block_smem,0.0613568,cluster_smem,0.069352,2,4,rowwise_quant
16384,4096,block_smem,0.118726,cluster_smem,0.125111,2,4,rowwise_quant
32768,4096,block_smem,0.359567,cluster_smem,0.267816,2,4,rowwise_quant
65536,4096,block_read,0.838003,cluster_smem,0.927647,2,4,rowwise_quant
4096,4096,block_read,0.0325322,cluster_smem,0.0787216,4,0,rowwise_quant
8192,4096,block_smem,0.061488,cluster_smem,0.0949398,4,0,rowwise_quant
16384,4096,block_smem,0.118908,cluster_smem,0.135928,4,0,rowwise_quant
32768,4096,block_smem,0.361435,cluster_smem,0.250412,4,0,rowwise_quant
65536,4096,block_read,0.838065,cluster_smem,0.57579,4,0,rowwise_quant
4096,4096,block_read,0.0323606,cluster_smem,0.0785789,4,1,rowwise_quant
8192,4096,block_smem,0.0613312,cluster_smem,0.0948141,4,1,rowwise_quant
16384,4096,block_smem,0.118651,cluster_smem,0.13588,4,1,rowwise_quant
32768,4096,block_smem,0.359344,cluster_smem,0.250425,4,1,rowwise_quant
65536,4096,block_read,0.837812,cluster_smem,0.573629,4,1,rowwise_quant
4096,4096,block_read,0.0324051,cluster_smem,0.0786019,4,2,rowwise_quant
8192,4096,block_smem,0.0613158,cluster_smem,0.0947782,4,2,rowwise_quant
16384,4096,block_smem,0.118657,cluster_smem,0.135862,4,2,rowwise_quant
32768,4096,block_smem,0.359299,cluster_smem,0.250425,4,2,rowwise_quant
65536,4096,block_read,0.8382,cluster_smem,0.573219,4,2,rowwise_quant
4096,4096,block_read,0.0325248,cluster_smem,0.0786966,4,3,rowwise_quant
8192,4096,block_smem,0.0615174,cluster_smem,0.0948835,4,3,rowwise_quant
16384,4096,block_smem,0.118897,cluster_smem,0.135854,4,3,rowwise_quant
32768,4096,block_smem,0.360935,cluster_smem,0.250338,4,3,rowwise_quant
65536,4096,block_read,0.837931,cluster_smem,0.575908,4,3,rowwise_quant
4096,4096,block_smem,0.032441,cluster_smem,0.0786045,4,4,rowwise_quant
8192,4096,block_smem,0.0613824,cluster_smem,0.0947859,4,4,rowwise_quant
16384,4096,block_smem,0.118809,cluster_smem,0.135855,4,4,rowwise_quant
32768,4096,block_smem,0.360669,cluster_smem,0.250427,4,4,rowwise_quant
65536,4096,block_read,0.837735,cluster_smem,0.57527,4,4,rowwise_quant
4096,4096,block_read,0.0325322,cluster_smem,0.154278,8,0,rowwise_quant
8192,4096,block_smem,0.061544,cluster_smem,0.15989,8,0,rowwise_quant
16384,4096,block_smem,0.118907,cluster_smem,0.19201,8,0,rowwise_quant
32768,4096,block_smem,0.358493,cluster_smem,0.269824,8,0,rowwise_quant
65536,4096,block_read,0.837663,cluster_smem,0.502842,8,0,rowwise_quant
4096,4096,block_read,0.0323613,cluster_smem,0.154069,8,1,rowwise_quant
8192,4096,block_smem,0.0613744,cluster_smem,0.159649,8,1,rowwise_quant
16384,4096,block_smem,0.11877,cluster_smem,0.191942,8,1,rowwise_quant
32768,4096,block_smem,0.358556,cluster_smem,0.269548,8,1,rowwise_quant
65536,4096,block_read,0.837444,cluster_smem,0.502851,8,1,rowwise_quant
4096,4096,block_read,0.0323318,cluster_smem,0.154051,8,2,rowwise_quant
8192,4096,block_smem,0.0613686,cluster_smem,0.159713,8,2,rowwise_quant
16384,4096,block_smem,0.118814,cluster_smem,0.191719,8,2,rowwise_quant
32768,4096,block_smem,0.359611,cluster_smem,0.269987,8,2,rowwise_quant
65536,4096,block_read,0.837991,cluster_smem,0.50302,8,2,rowwise_quant
4096,4096,block_read,0.0323056,cluster_smem,0.154,8,3,rowwise_quant
8192,4096,block_smem,0.0613107,cluster_smem,0.159537,8,3,rowwise_quant
16384,4096,block_smem,0.118639,cluster_smem,0.19177,8,3,rowwise_quant
32768,4096,block_smem,0.358289,cluster_smem,0.269664,8,3,rowwise_quant
65536,4096,block_read,0.837603,cluster_smem,0.502586,8,3,rowwise_quant
4096,4096,block_smem,0.032537,cluster_smem,0.154189,8,4,rowwise_quant
8192,4096,block_smem,0.0615242,cluster_smem,0.159735,8,4,rowwise_quant
16384,4096,block_smem,0.11889,cluster_smem,0.191856,8,4,rowwise_quant
32768,4096,block_smem,0.360158,cluster_smem,0.269491,8,4,rowwise_quant
65536,4096,block_read,0.838017,cluster_smem,0.503381,8,4,rowwise_quant
