workload,label,category,rows,cols,block_variant,cuda_nodsmem_ms,cuda_nodsmem_p20_ms,cuda_nodsmem_p80_ms,torch_compile_ms,torch_compile_p20_ms,torch_compile_p80_ms,triton_ms,triton_p20_ms,triton_p80_ms,triton_block_size,triton_num_warps,dsmem_ms,dsmem_p20_ms,dsmem_p80_ms,measured_cluster_size,best_baseline,best_baseline_ms,dsmem_vs_torch,dsmem_vs_triton,dsmem_vs_cuda_nodsmem,dsmem_vs_best,dsmem_vs_best_p20,dsmem_vs_best_p80,predicted_cluster_size,predicted_delta_ms,predicted_profitable,measured_profitable_vs_cuda,model_correct
layernorm_backward,LayerNorm backward,normalization,2048,4096,block_smem,0.042136,0.0419774,0.04214956,0.0414412784576416,0.04129567909240723,0.04174086380004882,0.04087744235992432,0.040853567123413086,0.04089843082427978,1024,8,0.0474115,0.047281340000000005,0.04742596,2,triton,0.04087744235992432,0.8740765100796558,0.8621841190412519,0.8887295276462461,0.8621841190412519,0.8614178210290964,0.865001516968,2,-0.010316728390384533,False,False,True
layernorm_backward,LayerNorm backward,normalization,2048,8192,block_smem,0.094137,0.09407657999999999,0.09423012,0.07218719959259033,0.07217612648010253,0.07220761775970458,0.11392959594726562,0.1138563175201416,0.11394323539733887,1024,8,0.082489,0.08232118,0.08249418,2,torch.compile,0.07218719959259033,0.8751130404367895,1.3811489525544691,1.1412067063487252,0.8751130404367895,0.8749238610542287,0.8771450768769906,2,0.03812575313803158,True,True,True
layernorm_backward,LayerNorm backward,normalization,2048,16384,block_smem,0.219436,0.21925119999999998,0.2194512,0.14523679733276368,0.14520614051818848,0.14527116775512694,0.2696169662475586,0.26952306365966794,0.2696533851623535,1024,8,0.157468,0.15739460000000002,0.157561,4,torch.compile,0.14523679733276368,0.9223257889397445,1.7122016298394507,1.3935275738562756,0.9223257889397445,0.921586817284661,0.922974280916416,2,0.08483640669059689,True,True,True
layernorm_backward,LayerNorm backward,normalization,2048,32768,block_read,0.549648,0.5496016,0.550133,0.39776126861572264,0.39751988220214846,0.3984147720336914,0.5389571380615235,0.5389192199707031,0.5391057815551757,1024,8,0.311364,0.3103344,0.3113876,8,torch.compile,0.39776126861572264,1.277479954701644,1.7309552101769103,1.765290785061857,1.277479954701644,1.276607938794443,1.283824068597266,2,0.17284781379572753,True,True,True
layernorm_backward,LayerNorm backward,normalization,2048,65536,block_read,1.11911,1.1179400000000002,1.120006,1.4547039794921874,1.4542550048828125,1.4551200866699219,1.081280975341797,1.0806954956054686,1.0817667999267577,1024,8,0.744592,0.7441702,0.7454700000000001,8,triton,1.081280975341797,1.9536927330567444,1.4521791468909104,1.5029841846272858,1.4521791468909104,1.4496834153023843,1.4536550911696784,4,0.34063894401391226,True,True,True
weighted_var_backward,Weighted variance backward,normalization,4096,4096,block_smem,0.104521,0.1044462,0.1045656,0.09219039916992187,0.09217350578308105,0.09220876693725585,0.1431007957458496,0.14307251358032227,0.14322533988952635,1024,8,0.120008,0.11988520000000001,0.120176,2,torch.compile,0.09219039916992187,0.7682021129418195,1.1924271360730085,0.8709502699820012,0.7682021129418195,0.7669876329972793,0.7691422038521506,2,0.04263009078242638,True,False,False
weighted_var_backward,Weighted variance backward,normalization,4096,8192,block_smem,0.256422,0.2564194,0.256539,0.1809984016418457,0.18097171401977538,0.18104665756225585,0.4252364730834961,0.42518534088134763,0.42533287811279297,1024,8,0.233786,0.233777,0.2338966,2,torch.compile,0.1809984016418457,0.7742054769825639,1.8189133356295764,1.0968235908052664,0.7742054769825639,0.773725287241351,0.7744417011179707,2,0.09396035992874437,True,True,True
weighted_var_backward,Weighted variance backward,normalization,4096,16384,block_smem,0.696836,0.6950514,0.6969096,0.3515926361083984,0.35140499114990237,0.3516897354125977,0.8895744323730469,0.8895432739257813,0.8896557006835937,1024,8,0.487549,0.4874026,0.4875886,8,torch.compile,0.3515926361083984,0.7211431796771164,1.8245846722545773,1.42926352017951,0.7211431796771164,0.7206997685136658,0.7215590056610237,2,0.19646469822138035,True,True,True
weighted_var_backward,Weighted variance backward,normalization,4096,32768,block_read,1.77551,1.77542,1.77841,1.7708409118652344,1.770558563232422,1.7711539611816407,1.772060089111328,1.7719600830078126,1.7722747802734373,1024,8,1.00282,1.002016,1.00401,8,torch.compile,1.7708409118652344,1.7658611833282487,1.7670769321626294,1.7705171416605172,1.7658611833282487,1.763486980440854,1.7675904987361886,2,0.4139271748066524,True,True,True
weighted_var_backward,Weighted variance backward,normalization,4096,65536,block_read,3.57938,3.579176,3.579432,3.3344485473632814,3.3343255615234377,3.334786865234375,3.5350030517578124,3.534732177734375,3.5352796020507813,1024,8,2.48964,2.484312,2.4905820000000003,8,torch.compile,3.3344485473632814,1.3393296008110736,1.4198852250758391,1.437709869700037,1.3393296008110736,1.3387736527138787,1.3423381866828221,4,0.757907305175255,True,True,True
pearson_backward,Pearson backward,pairwise statistics,4096,4096,block_smem,0.0946534,0.09463664,0.09471586,0.09351391792297363,0.09350016212463379,0.09357299423217774,0.17172927856445314,0.17172071075439452,0.1717393264770508,1024,8,0.106368,0.1063088,0.1063858,2,torch.compile,0.09351391792297363,0.8791546134455253,1.61448253764716,0.8898672533092659,0.8791546134455253,0.878878216121266,0.8801998915628597,2,-0.021747614190613954,False,False,True
pearson_backward,Pearson backward,pairwise statistics,4096,8192,block_smem,0.188717,0.1886814,0.1887212,0.18138080596923828,0.18133919906616208,0.18146956253051758,0.3608483123779297,0.3607918014526367,0.36090521240234374,1024,8,0.185863,0.1857314,0.1859206,2,torch.compile,0.18138080596923828,0.9758844200795117,1.9414747011397089,1.015355396178906,0.9758844200795117,0.9753582930894268,0.9770537589794595,2,-0.027149950017336305,False,True,False
pearson_backward,Pearson backward,pairwise statistics,4096,16384,block_smem,0.51898,0.518873,0.5225076,0.36036705017089843,0.3603421554565429,0.3604470291137695,0.7275331115722656,0.7274850616455077,0.7275689239501953,1024,8,0.369453,0.36916020000000005,0.3714492,4,torch.compile,0.36036705017089843,0.9754070211120182,1.969216954720264,1.4047253642547226,0.9754070211120182,0.9700980792435222,0.9763973177871544,2,-0.050388821670781,False,True,False
pearson_backward,Pearson backward,pairwise statistics,4096,32768,block_read,1.13206,1.131736,1.1323239999999999,1.5023472595214844,1.5019805603027343,1.5031752014160156,1.454122314453125,1.4538629150390627,1.45517578125,1024,8,0.744963,0.7448424,0.7456006000000001,8,cuda_nodsmem,1.13206,2.0166736596602575,1.9519389747586455,1.519619095176539,1.519619095176539,1.517885044620404,1.5202195793365145,4,-0.11345505511307072,False,True,False
pearson_backward,Pearson backward,pairwise statistics,4096,65536,block_read,2.2777,2.277054,2.287186,3.2332730102539062,3.2329411010742186,3.2338792114257813,2.9081912231445313,2.9079959716796875,2.9083833007812503,1024,8,1.56379,1.5594240000000001,1.565202,8,cuda_nodsmem,2.2777,2.067587726135802,1.8597070087061123,1.4565254925533477,1.4565254925533477,1.4547988055215877,1.4666864175490437,8,-0.2686929369118371,False,True,False
softmax_logits_backward,Softmax-logits backward,softmax,4096,4096,block_smem,0.0742608,0.07421138,0.07432757999999999,0.07190879821777343,0.07186566257476806,0.0719406089782715,0.11789152145385742,0.11786047935485841,0.11790777587890625,1024,8,0.0961962,0.09614692,0.09622812,2,torch.compile,0.07190879821777343,0.7475222328717084,1.2255320007844117,0.7719722816493791,0.7475222328717084,0.7468260065225015,0.7482362303261664,2,0.017596579079210375,True,False,False
softmax_logits_backward,Softmax-logits backward,softmax,4096,8192,block_smem,0.153392,0.1533262,0.1535164,0.14243295669555664,0.1423891830444336,0.1424632968902588,0.25743520736694336,0.2574143981933594,0.25745344543457027,1024,8,0.162386,0.1623192,0.1624044,2,torch.compile,0.14243295669555664,0.8771258402544347,1.5853288298679895,0.9446134518985627,0.8771258402544347,0.876756929273059,0.8776737249213821,2,0.059146025176755726,True,False,False
softmax_logits_backward,Softmax-logits backward,softmax,4096,16384,block_smem,0.522297,0.5216714,0.5224508,0.29317440032958986,0.2928112564086914,0.2932462043762207,0.5395347213745117,0.5394760208129883,0.5396326522827148,1024,8,0.320404,0.32021499999999997,0.3204870000000001,2,torch.compile,0.29317440032958986,0.9150147948514683,1.6839200552256268,1.6301200983758004,0.9150147948514683,0.913644723214019,0.9157790995931505,2,0.12682951737184636,True,True,True
softmax_logits_backward,Softmax-logits backward,softmax,4096,32768,block_read,1.25864,1.257768,1.258894,0.5794083023071289,0.5792580337524413,0.5797597961425781,1.0752963256835937,1.0752810668945314,1.0753384399414063,1024,8,0.670396,0.670348,0.670613,8,torch.compile,0.5794083023071289,0.8642776840958611,1.6039718698852525,1.8774575027297298,0.8642776840958611,0.8637739407861782,0.8648639156715289,4,0.23356550114747932,True,True,True
softmax_logits_backward,Softmax-logits backward,softmax,4096,65536,block_read,2.54297,2.542956,2.543088,2.051607360839844,2.0515046081542967,2.0520270385742188,2.1556060791015623,2.1555723571777343,2.155733825683594,1024,8,1.40609,1.405864,1.4072040000000001,8,torch.compile,2.051607360839844,1.4590868015844247,1.5330498610341885,1.8085399938837485,1.4590868015844247,1.4578587100052989,1.4596198768687574,8,0.4141951854833904,True,True,True
lars_momentum,LARS momentum,optimizer,4096,4096,block_smem,0.120902,0.1207818,0.12103560000000001,0.11532768249511718,0.11528742599487304,0.11534758377075195,0.1776924705505371,0.17765048980712891,0.17769407272338866,1024,8,0.118283,0.118237,0.1182966,2,torch.compile,0.11532768249511718,0.9750148583914611,1.502265503500394,1.022141812432894,0.9750148583914611,0.9745624641356814,0.9755625038757069,2,-0.011977265085640176,False,True,False
lars_momentum,LARS momentum,optimizer,4096,8192,block_smem,0.276186,0.27605979999999997,0.2762168,0.22661151885986328,0.2266024932861328,0.22671526336669923,0.36120574951171874,0.36118515777587884,0.3612350006103516,1024,8,0.23184,0.23175020000000002,0.232134,4,torch.compile,0.22661151885986328,0.977447890182295,1.5579958139739423,1.1912784679089028,0.977447890182295,0.9761710619130881,0.9782742943337231,2,-0.0211276188257237,False,True,False
lars_momentum,LARS momentum,optimizer,4096,16384,block_smem,0.733971,0.7338732,0.7356851999999999,0.44863487243652345,0.4482927932739258,0.448757682800293,0.7265711975097656,0.7265328674316407,0.726621368408203,1024,8,0.461916,0.4618576,0.46203200000000005,8,torch.compile,0.44863487243652345,0.9712477429587273,1.5729509207513177,1.5889707219494456,0.9712477429587273,0.9702635169726896,0.97163645851079,2,-0.03736152630589076,False,True,False
lars_momentum,LARS momentum,optimizer,4096,32768,block_read,1.48645,1.48637,1.486852,0.9066438293457031,0.9064736633300782,0.9066686401367188,1.4504194641113282,1.4504078979492185,1.4504377136230469,1024,8,0.938172,0.9377936,0.9405207999999999,8,torch.compile,0.9066438293457031,0.9663940400541725,1.5460059180100538,1.5844109608899009,0.9663940400541725,0.9637996983480623,0.9668104368986083,2,-0.07059264126622486,False,True,False
lars_momentum,LARS momentum,optimizer,4096,65536,block_read,3.00325,3.001876,3.0053360000000002,2.2958908081054688,2.2953840942382815,2.296998321533203,2.9098495483398437,2.9097299194335937,2.909977172851562,1024,8,2.19657,2.179956,2.200624,8,torch.compile,2.2958908081054688,1.0452163182167966,1.324724251146034,1.3672452960752446,1.0452163182167966,1.0430605565686286,1.0536902219738395,4,-0.15756230970755647,False,True,False
rowwise_quant,Row-wise int8 quantization,quantization,4096,4096,block_read+block_smem,0.0323613,0.032326560000000004,0.03253316,0.04463903903961182,0.04217804813385009,0.04590028667449951,0.03241024017333984,0.032394943714141845,0.032432960987091065,1024,8,0.0470035,0.04695900000000001,0.047028520000000004,2,cuda_nodsmem,0.0323613,0.9496960660293771,0.6895282303092289,0.6884870275617774,0.6884870275617774,0.6873820396644419,0.692799250409932,2,-0.012092573586139495,False,False,True
rowwise_quant,Row-wise int8 quantization,quantization,4096,8192,block_smem,0.0613744,0.061357020000000005,0.06152816,0.05897632122039795,0.058922177314758295,0.05898265647888184,0.07472864151000977,0.07470028972625734,0.07482636928558349,1024,8,0.0693466,0.06933049999999999,0.06935776,2,torch.compile,0.05897632122039795,0.8504572858712317,1.077610748183902,0.8850383436246335,0.8504572858712317,0.8495397964807152,0.8507461575912744,2,-0.01201079149950067,False,False,True
rowwise_quant,Row-wise int8 quantization,quantization,4096,16384,block_smem,0.118814,0.1187438,0.1188934,0.11360480308532715,0.11357664299011232,0.11365587615966798,0.2051580810546875,0.20513689422607423,0.20526008987426758,1024,8,0.125077,0.1247982,0.1251162,2,torch.compile,0.11360480308532715,0.9082789248649005,1.64025425181838,0.9499268450634409,0.9082789248649005,0.9077692815967261,0.9107172712400338,2,-0.01514782732622301,False,False,True
rowwise_quant,Row-wise int8 quantization,quantization,4096,32768,block_smem,0.358556,0.3584522,0.35972040000000005,0.23658720016479493,0.2364610481262207,0.23668505477905274,0.4053532791137695,0.40527442169189454,0.40544113922119146,1024,8,0.250425,0.2503972,0.2504254,4,torch.compile,0.23658720016479493,0.9447427380045719,1.6186613920885276,1.4317899570729757,0.9447427380045719,0.9442374780122971,0.945238424307671,2,-0.026436698979667703,False,True,False
rowwise_quant,Row-wise int8 quantization,quantization,4096,65536,block_read,0.837663,0.8375712000000001,0.8379962000000001,0.6113030242919922,0.6111991653442383,0.611723907470703,0.8120697784423828,0.8120368194580079,0.8121082153320313,1024,8,0.502851,0.5027908,0.5030922,8,torch.compile,0.6113030242919922,1.215674273874353,1.6149312190736078,1.6658274518694405,1.215674273874353,1.2148849959197108,1.2166569226618766,4,-0.06193565338025352,False,True,False
