device,workload,label,category,rows,cols,block_variant,cuda_nodsmem_ms,cuda_nodsmem_p20_ms,cuda_nodsmem_p80_ms,torch_compile_ms,torch_compile_p20_ms,torch_compile_p80_ms,triton_ms,triton_p20_ms,triton_p80_ms,triton_block_size,triton_num_warps,dsmem_ms,dsmem_p20_ms,dsmem_p80_ms,measured_cluster_size,best_baseline,best_baseline_ms,dsmem_vs_torch,dsmem_vs_triton,dsmem_vs_cuda_nodsmem,dsmem_vs_best,dsmem_vs_best_p20,dsmem_vs_best_p80,predicted_cluster_size,predicted_delta_ms,predicted_profitable,measured_profitable_vs_cuda,model_correct,model_version
RTX 5090,layernorm_backward,LayerNorm backward,normalization,2048,4096,block_read,0.028257,0.028200020000000003,0.02830044,0.044205121994018555,0.04408934307098388,0.04478118419647217,0.0287337589263916,0.02869708776473999,0.028738879680633544,1024,8,0.0524566,0.05231148,0.05249956,2,cuda_nodsmem,0.028257,0.8426989548315856,0.5477625108449957,0.5386738751653748,0.5386738751653748,0.5371477399048679,0.5409986488625441,2,-0.0037894228140227964,False,False,True,effective-bandwidth-overlap-v2
RTX 5090,layernorm_backward,LayerNorm backward,normalization,2048,8192,block_smem,0.134866,0.13479400000000002,0.13495759999999998,0.1204361629486084,0.12038892936706543,0.12047846221923827,0.18902368545532228,0.18871622467041016,0.18907840347290036,1024,8,0.123836,0.12265200000000001,0.1239274,2,torch.compile,0.1204361629486084,0.9725456486692755,1.5264033516531725,1.0890694143867696,0.9725456486692755,0.9714472293218888,0.9822788231682994,2,0.0321309128316434,True,True,True,effective-bandwidth-overlap-v2
RTX 5090,layernorm_backward,LayerNorm backward,normalization,2048,16384,block_smem,0.41801,0.4179566,0.4180374,0.2541632080078125,0.25414176177978515,0.2546723823547363,0.46845985412597657,0.46843859100341795,0.4686364212036133,1024,8,0.251141,0.251127,0.25124399999999997,4,torch.compile,0.2541632080078125,1.0120339092693447,1.865326068328057,1.664443479957474,1.0120339092693447,1.0115336556486332,1.0141178859889073,2,0.13016793412297578,True,True,True,effective-bandwidth-overlap-v2
RTX 5090,layernorm_backward,LayerNorm backward,normalization,2048,32768,block_read,1.0187,1.018338,1.0188380000000001,0.5281868743896484,0.527984260559082,0.5284673309326172,0.9838224029541016,0.9830616760253906,0.9846422424316406,1024,8,0.503927,0.5038944000000001,0.5039962,8,torch.compile,0.5281868743896484,1.0481416443049258,1.9523113525453122,2.021522958682507,1.0481416443049258,1.047595717108744,1.0487660329875013,2,0.32892132670564056,True,True,True,effective-bandwidth-overlap-v2
RTX 5090,layernorm_backward,LayerNorm backward,normalization,2048,65536,block_read,2.04979,2.047796,2.0503720000000003,2.6131787109375,2.6117870483398438,2.6133118896484375,2.0026786804199217,2.002005554199219,2.003627136230469,1024,8,1.02139,1.019976,1.021436,8,triton,2.0026786804199217,2.558453392864136,1.9607384842419855,2.006863196232585,1.9607384842419855,1.9599911831962247,1.9643865504977265,4,0.6613989171810746,True,True,True,effective-bandwidth-overlap-v2
RTX 5090,weighted_var_backward,Weighted variance backward,normalization,4096,4096,block_smem,0.1629,0.162846,0.1632278,0.16063871383666992,0.16024250411987304,0.16117395401000975,0.19061567306518554,0.19049068069458008,0.19065607070922852,1024,8,0.163591,0.1635248,0.16367879999999999,2,torch.compile,0.16063871383666992,0.9819532482634737,1.165196576004704,0.9957760512497631,0.9819532482634737,0.9790058585465744,0.9856239176565864,2,0.0470214983702792,True,False,False,effective-bandwidth-overlap-v2
RTX 5090,weighted_var_backward,Weighted variance backward,normalization,4096,8192,block_smem,0.332926,0.332835,0.3333782,0.34857791900634766,0.34852378845214843,0.34869408416748043,0.6444000244140625,0.6441091308593749,0.6450412139892578,1024,8,0.332084,0.332074,0.3321074,4,cuda_nodsmem,0.332926,1.0496679123545478,1.9404729659184499,1.0025355030654894,1.0025355030654894,1.0021908575358454,1.003927437860236,2,0.1251167149667964,True,True,True,effective-bandwidth-overlap-v2
RTX 5090,weighted_var_backward,Weighted variance backward,normalization,4096,16384,block_read,1.60965,1.6081180000000002,1.61152,0.6798941040039063,0.6797609252929687,0.6799541320800782,1.623264923095703,1.6231829528808595,1.6239543457031251,1024,8,0.666041,0.6659587999999999,0.666236,2,torch.compile,0.6798941040039063,1.0207991760325659,2.4371846824680508,2.416743113411937,1.0207991760325659,1.0203005020637863,1.0210153121785888,2,0.8166935481598309,True,True,True,effective-bandwidth-overlap-v2
RTX 5090,weighted_var_backward,Weighted variance backward,normalization,4096,32768,block_read,3.51796,3.517778,3.5187159999999995,1.8766307067871093,1.8704288024902345,1.879651885986328,3.2693185424804687,3.268817443847656,3.270302429199219,256,4,1.33252,1.332454,1.332786,4,torch.compile,1.8766307067871093,1.4083321126790662,2.4534855330355034,2.640080449073935,1.4083321126790662,1.4033976966221393,1.4106692508606886,4,1.8036370234147097,True,True,True,effective-bandwidth-overlap-v2
RTX 5090,weighted_var_backward,Weighted variance backward,normalization,4096,65536,block_read,7.03895,7.036378000000001,7.04494,6.534402465820312,6.533861572265625,6.535851684570312,6.526306762695312,6.525861083984376,6.527382202148438,256,4,2.71766,2.7175599999999998,2.718058,8,triton,6.526306762695312,2.404422358139102,2.4014434339451265,2.5900774931374784,2.4014434339451265,2.4009278256697892,2.401927538729021,8,3.578827755209611,True,True,True,effective-bandwidth-overlap-v2
RTX 5090,pearson_backward,Pearson backward,pairwise statistics,4096,4096,block_smem,0.177347,0.177336,0.177362,0.17520864486694335,0.17516826248168946,0.1752601623535156,0.18375392913818359,0.1836754608154297,0.18383026885986328,1024,8,0.171907,0.17188399999999998,0.17204399999999997,4,torch.compile,0.17520864486694335,1.0192059943279992,1.068914757038303,1.03164501736404,1.0192059943279992,1.0181596712567105,1.0196420978887832,2,0.024517226171440122,True,True,True,effective-bandwidth-overlap-v2
RTX 5090,pearson_backward,Pearson backward,pairwise statistics,4096,8192,block_smem,0.351927,0.3518966,0.3519488,0.35080928802490235,0.35073363494873044,0.35084020233154295,0.6098432159423828,0.6078777542114258,0.6102978439331055,1024,8,0.351345,0.35127200000000003,0.35137039999999997,4,torch.compile,0.35080928802490235,0.9984752537389242,1.7357389914254728,1.0016564914827306,0.9984752537389242,0.9981877669511446,0.9987707597859862,2,0.06678343723578493,True,True,True,effective-bandwidth-overlap-v2
RTX 5090,pearson_backward,Pearson backward,pairwise statistics,4096,16384,block_read,1.06937,1.068604,1.0697240000000001,0.7002365112304687,0.700124038696289,0.7002529602050782,1.3470034790039063,1.3459346923828126,1.3473289184570314,1024,8,0.701475,0.701454,0.7015844,8,torch.compile,0.7002365112304687,0.9982344505940607,1.9202444549041753,1.5244591753091699,0.9982344505940607,0.997918480935849,0.9982877853787678,2,0.25355045936447457,True,True,True,effective-bandwidth-overlap-v2
RTX 5090,pearson_backward,Pearson backward,pairwise statistics,4096,32768,block_read,2.1592,2.152782,2.16281,1.449049530029297,1.4485699768066407,1.4495530395507812,2.723131103515625,2.722801940917969,2.723601989746094,1024,8,1.40972,1.409672,1.409788,8,torch.compile,1.449049530029297,1.0278988239007014,1.9316822514510859,1.53165167551003,1.0278988239007014,1.0275090842074415,1.0282910063835993,4,0.5050578458239969,True,True,True,effective-bandwidth-overlap-v2
RTX 5090,pearson_backward,Pearson backward,pairwise statistics,4096,65536,block_read,4.33783,4.33695,4.340708,5.997832641601563,5.996777465820313,5.99947216796875,5.4231591796875,5.421841552734375,5.423187133789062,256,4,2.8162,2.81602,2.81651,8,cuda_nodsmem,4.33783,2.129760898232215,1.9257010083401391,1.5403131879838081,1.5403131879838081,1.5398312095465665,1.5414336545905214,8,0.9929326666948523,True,True,True,effective-bandwidth-overlap-v2
RTX 5090,softmax_logits_backward,Softmax-logits backward,softmax,4096,4096,block_smem,0.119812,0.11977040000000001,0.1199058,0.11701215744018555,0.11695430183410645,0.11709183883666993,0.12131104469299317,0.12125465583801269,0.12134873771667481,1024,8,0.121533,0.1214064,0.1217882,2,torch.compile,0.11701215744018555,0.9628015225509577,0.9981737033809185,0.9858392370796409,0.9628015225509577,0.9603089776686612,0.9644618309798325,2,0.025788966795268656,True,False,False,effective-bandwidth-overlap-v2
RTX 5090,softmax_logits_backward,Softmax-logits backward,softmax,4096,8192,block_smem,0.254117,0.2540808,0.2541508,0.2560335922241211,0.2559961662292481,0.25605503463745116,0.4158566284179688,0.4157919464111328,0.4159341430664062,1024,8,0.250503,0.2504544,0.2505464,4,cuda_nodsmem,0.254117,1.0220779480649778,1.6600864197952472,1.014426972930464,1.014426972930464,1.0141067682473186,1.0147587744515567,2,0.08659185881199442,True,True,True,effective-bandwidth-overlap-v2
RTX 5090,softmax_logits_backward,Softmax-logits backward,softmax,4096,16384,block_read,1.01818,1.01676,1.019306,0.5112169647216797,0.5110688171386718,0.5112743148803711,0.9787699127197266,0.9786859893798828,0.9788621520996093,1024,8,0.501612,0.5015742000000001,0.501675,8,torch.compile,0.5112169647216797,1.0191481956605497,1.9512489986677486,2.0298158736234386,1.0191481956605497,1.0187249058427703,1.019339341777091,2,0.4647012428454461,True,True,True,effective-bandwidth-overlap-v2
RTX 5090,softmax_logits_backward,Softmax-logits backward,softmax,4096,32768,block_read,2.34425,2.340318,2.345952,1.0481414031982421,1.0479928741455078,1.0482112426757813,2.0078428649902342,2.0003033142089843,2.008439239501953,256,4,1.01046,1.0102,1.01067,4,torch.compile,1.0481414031982421,1.0372913358255074,1.9870582358433133,2.3199829780496017,1.0372913358255074,1.036928843386573,1.037627442759633,4,1.0966777848050637,True,True,True,effective-bandwidth-overlap-v2
RTX 5090,softmax_logits_backward,Softmax-logits backward,softmax,4096,65536,block_read,4.7602,4.759448,4.76076,2.6273928833007814,2.626451171875,2.6275413208007814,3.999705810546875,3.999525268554687,4.000465576171875,512,4,2.00806,2.00788,2.010482,8,torch.compile,2.6273928833007814,1.308423494965679,1.991825847109586,2.3705466968118483,1.308423494965679,1.3063788543617898,1.3086147184098558,8,2.2052008232096707,True,True,True,effective-bandwidth-overlap-v2
RTX 5090,lars_momentum,LARS momentum,optimizer,4096,4096,block_smem,0.215739,0.2156824,0.21583619999999998,0.21612768173217772,0.21606176376342773,0.21631603622436524,0.2627923202514648,0.2627575035095215,0.2629783706665039,1024,8,0.213877,0.21383339999999998,0.213888,4,cuda_nodsmem,0.215739,1.010523252767608,1.2287077163578355,1.008705938459956,1.008705938459956,1.0083894374625972,1.0093661701118721,2,0.04461033430602201,True,True,True,effective-bandwidth-overlap-v2
RTX 5090,lars_momentum,LARS momentum,optimizer,4096,8192,block_smem,0.431845,0.4317726,0.43195399999999995,0.4352774429321289,0.43498566436767583,0.43586654663085933,0.6580847930908204,0.6574668579101561,0.6582267913818359,1024,8,0.430704,0.4306986,0.43077279999999996,4,cuda_nodsmem,0.431845,1.0106185290411256,1.5279282130902438,1.0026491511571753,1.0026491511571753,1.0023209450550268,1.002914799351565,2,0.10175070090253924,True,True,True,effective-bandwidth-overlap-v2
RTX 5090,lars_momentum,LARS momentum,optimizer,4096,16384,block_read,1.38472,1.384668,1.3850220000000002,0.8754812622070313,0.8753380584716797,0.8757292022705079,1.3565728759765625,1.356328155517578,1.35764990234375,1024,8,0.863223,0.863195,0.864247,8,torch.compile,0.8754812622070313,1.0142005741355724,1.5715207727048082,1.6041277862151495,1.0142005741355724,1.0128332044793673,1.0145207076854104,2,0.3968994590955737,True,True,True,effective-bandwidth-overlap-v2
RTX 5090,lars_momentum,LARS momentum,optimizer,4096,32768,block_read,2.79392,2.793828,2.794862,1.7337110900878907,1.7336104736328126,1.733933349609375,2.730371398925781,2.7300142822265627,2.7316600341796873,512,4,1.72852,1.72838,1.7285500000000003,4,torch.compile,1.7337110900878907,1.0030031993195858,1.5796006982423003,1.6163654455835048,1.0030031993195858,1.0029275830220776,1.0032130374161787,4,0.7985835890291666,True,True,True,effective-bandwidth-overlap-v2
RTX 5090,lars_momentum,LARS momentum,optimizer,4096,65536,block_read,5.61764,5.617214,5.618314,3.5043130493164063,3.5040904541015623,3.504771301269531,5.452323608398437,5.4515004882812494,5.452765991210938,1024,8,3.45468,3.454588,3.4548400000000004,8,torch.compile,3.5043130493164063,1.014366902091194,1.5782427340299063,1.626095615223407,1.014366902091194,1.0142554949293054,1.0145265661982068,8,1.5947400614104092,True,True,True,effective-bandwidth-overlap-v2
RTX 5090,rowwise_quant,Row-wise int8 quantization,quantization,4096,4096,block_smem,0.0164,0.01639848,0.016403940000000002,0.05003168106079101,0.049906880378723144,0.05025120067596435,0.02023008108139038,0.02014675235748291,0.020300799369812012,1024,8,0.0532733,0.05326764,0.05328136,2,cuda_nodsmem,0.0164,0.9391511519051947,0.3797414667645965,0.30784651973878097,0.30784651973878097,0.30777142325195905,0.30795319634960366,2,-0.013014775890852974,False,False,True,effective-bandwidth-overlap-v2
RTX 5090,rowwise_quant,Row-wise int8 quantization,quantization,4096,8192,block_smem,0.0875267,0.08751741999999998,0.08759576,0.08765151977539062,0.08764102172851562,0.08780960083007813,0.08240063667297363,0.0823249912261963,0.08241708946228028,1024,8,0.0880362,0.08801418,0.08806351999999999,2,triton,0.08240063667297363,0.9956304312929298,0.9359858407447578,0.9942126079953474,0.9359858407447578,0.9348364819643401,0.9364069455885436,2,0.010632629641319434,True,False,False,effective-bandwidth-overlap-v2
RTX 5090,rowwise_quant,Row-wise int8 quantization,quantization,4096,16384,block_smem,0.20328,0.2031588,0.20343440000000002,0.20299871444702147,0.20285612869262695,0.20398028182983396,0.27405471801757814,0.2739368324279785,0.2741466217041016,1024,8,0.202548,0.202386,0.2027266,4,torch.compile,0.20299871444702147,1.0022252228954196,1.3530359125618527,1.0036139581728774,1.0022252228954196,1.0006389328910312,1.0078774313926553,2,0.04612451848344202,True,True,True,effective-bandwidth-overlap-v2
RTX 5090,rowwise_quant,Row-wise int8 quantization,quantization,4096,32768,block_read,0.775525,0.7714702,0.7758164,0.4105446243286133,0.4104737243652344,0.4107171096801758,0.7461190032958984,0.745744400024414,0.7461476135253906,512,4,0.404262,0.40395479999999995,0.40487059999999997,8,torch.compile,0.4105446243286133,1.015540971767352,1.845632296124539,1.9183722437429191,1.015540971767352,1.013839296716616,1.0167402632180031,2,0.25423978505657613,True,True,True,effective-bandwidth-overlap-v2
RTX 5090,rowwise_quant,Row-wise int8 quantization,quantization,4096,65536,block_read,1.59605,1.593188,1.596552,0.8411772918701171,0.8410225067138672,0.8414985961914063,1.5129942321777343,1.5123331604003907,1.5134591369628905,512,4,0.817186,0.817153,0.8172674,4,torch.compile,0.8411772918701171,1.0293584225257373,1.8514686156856999,1.9531049234813127,1.0293584225257373,1.029066504688511,1.0297931919621004,4,0.5242299555321617,True,True,True,effective-bandwidth-overlap-v2
H100,layernorm_backward,LayerNorm backward,normalization,2048,4096,block_smem,0.042136,0.0419774,0.04214956,0.0414412784576416,0.04129567909240723,0.04174086380004882,0.04087744235992432,0.040853567123413086,0.04089843082427978,1024,8,0.0474115,0.047281340000000005,0.04742596,2,triton,0.04087744235992432,0.8740765100796558,0.8621841190412519,0.8887295276462461,0.8621841190412519,0.8614178210290964,0.865001516968,2,-0.002025967747992786,False,False,True,effective-bandwidth-overlap-v2
H100,layernorm_backward,LayerNorm backward,normalization,2048,8192,block_smem,0.094137,0.09407657999999999,0.09423012,0.07218719959259033,0.07217612648010253,0.07220761775970458,0.11392959594726562,0.1138563175201416,0.11394323539733887,1024,8,0.082489,0.08232118,0.08249418,2,torch.compile,0.07218719959259033,0.8751130404367895,1.3811489525544691,1.1412067063487252,0.8751130404367895,0.8749238610542287,0.8771450768769906,2,0.01118653991854816,True,True,True,effective-bandwidth-overlap-v2
H100,layernorm_backward,LayerNorm backward,normalization,2048,16384,block_smem,0.219436,0.21925119999999998,0.2194512,0.14523679733276368,0.14520614051818848,0.14527116775512694,0.2696169662475586,0.26952306365966794,0.2696533851623535,1024,8,0.157468,0.15739460000000002,0.157561,4,torch.compile,0.14523679733276368,0.9223257889397445,1.7122016298394507,1.3935275738562756,0.9223257889397445,0.921586817284661,0.922974280916416,2,0.04264373025163005,True,True,True,effective-bandwidth-overlap-v2
H100,layernorm_backward,LayerNorm backward,normalization,2048,32768,block_read,0.549648,0.5496016,0.550133,0.39776126861572264,0.39751988220214846,0.3984147720336914,0.5389571380615235,0.5389192199707031,0.5391057815551757,1024,8,0.311364,0.3103344,0.3113876,8,torch.compile,0.39776126861572264,1.277479954701644,1.7309552101769103,1.765290785061857,1.277479954701644,1.276607938794443,1.283824068597266,2,0.13000346091779388,True,True,True,effective-bandwidth-overlap-v2
H100,layernorm_backward,LayerNorm backward,normalization,2048,65536,block_read,1.11911,1.1179400000000002,1.120006,1.4547039794921874,1.4542550048828125,1.4551200866699219,1.081280975341797,1.0806954956054686,1.0817667999267577,1024,8,0.744592,0.7441702,0.7454700000000001,8,triton,1.081280975341797,1.9536927330567444,1.4521791468909104,1.5029841846272858,1.4521791468909104,1.4496834153023843,1.4536550911696784,4,0.2607960464246801,True,True,True,effective-bandwidth-overlap-v2
H100,weighted_var_backward,Weighted variance backward,normalization,4096,4096,block_smem,0.104521,0.1044462,0.1045656,0.09219039916992187,0.09217350578308105,0.09220876693725585,0.1431007957458496,0.14307251358032227,0.14322533988952635,1024,8,0.120008,0.11988520000000001,0.120176,2,torch.compile,0.09219039916992187,0.7682021129418195,1.1924271360730085,0.8709502699820012,0.7682021129418195,0.7669876329972793,0.7691422038521506,2,-0.00705711667713413,False,False,True,effective-bandwidth-overlap-v2
H100,weighted_var_backward,Weighted variance backward,normalization,4096,8192,block_smem,0.256422,0.2564194,0.256539,0.1809984016418457,0.18097171401977538,0.18104665756225585,0.4252364730834961,0.42518534088134763,0.42533287811279297,1024,8,0.233786,0.233777,0.2338966,2,torch.compile,0.1809984016418457,0.7742054769825639,1.8189133356295764,1.0968235908052664,0.7742054769825639,0.773725287241351,0.7744417011179707,2,0.023013945009623338,True,True,True,effective-bandwidth-overlap-v2
H100,weighted_var_backward,Weighted variance backward,normalization,4096,16384,block_smem,0.696836,0.6950514,0.6969096,0.3515926361083984,0.35140499114990237,0.3516897354125977,0.8895744323730469,0.8895432739257813,0.8896557006835937,1024,8,0.487549,0.4874026,0.4875886,8,torch.compile,0.3515926361083984,0.7211431796771164,1.8245846722545773,1.42926352017951,0.7211431796771164,0.7206997685136658,0.7215590056610237,2,0.16496706838313824,True,True,True,effective-bandwidth-overlap-v2
H100,weighted_var_backward,Weighted variance backward,normalization,4096,32768,block_read,1.77551,1.77542,1.77841,1.7708409118652344,1.770558563232422,1.7711539611816407,1.772060089111328,1.7719600830078126,1.7722747802734373,1024,8,1.00282,1.002016,1.00401,8,torch.compile,1.7708409118652344,1.7658611833282487,1.7670769321626294,1.7705171416605172,1.7658611833282487,1.763486980440854,1.7675904987361886,2,0.5800347151301682,True,True,True,effective-bandwidth-overlap-v2
H100,weighted_var_backward,Weighted variance backward,normalization,4096,65536,block_read,3.57938,3.579176,3.579432,3.3344485473632814,3.3343255615234377,3.334786865234375,3.5350030517578124,3.534732177734375,3.5352796020507813,1024,8,2.48964,2.484312,2.4905820000000003,8,torch.compile,3.3344485473632814,1.3393296008110736,1.4198852250758391,1.437709869700037,1.3393296008110736,1.3387736527138787,1.3423381866828221,4,1.1023850603221923,True,True,True,effective-bandwidth-overlap-v2
H100,pearson_backward,Pearson backward,pairwise statistics,4096,4096,block_smem,0.0946534,0.09463664,0.09471586,0.09351391792297363,0.09350016212463379,0.09357299423217774,0.17172927856445314,0.17172071075439452,0.1717393264770508,1024,8,0.106368,0.1063088,0.1063858,2,torch.compile,0.09351391792297363,0.8791546134455253,1.61448253764716,0.8898672533092659,0.8791546134455253,0.878878216121266,0.8801998915628597,2,-0.015185603906053289,False,False,True,effective-bandwidth-overlap-v2
H100,pearson_backward,Pearson backward,pairwise statistics,4096,8192,block_smem,0.188717,0.1886814,0.1887212,0.18138080596923828,0.18133919906616208,0.18146956253051758,0.3608483123779297,0.3607918014526367,0.36090521240234374,1024,8,0.185863,0.1857314,0.1859206,2,torch.compile,0.18138080596923828,0.9758844200795117,1.9414747011397089,1.015355396178906,0.9758844200795117,0.9753582930894268,0.9770537589794595,2,-0.014222529448214978,False,True,False,effective-bandwidth-overlap-v2
H100,pearson_backward,Pearson backward,pairwise statistics,4096,16384,block_smem,0.51898,0.518873,0.5225076,0.36036705017089843,0.3603421554565429,0.3604470291137695,0.7275331115722656,0.7274850616455077,0.7275689239501953,1024,8,0.369453,0.36916020000000005,0.3714492,4,torch.compile,0.36036705017089843,0.9754070211120182,1.969216954720264,1.4047253642547226,0.9754070211120182,0.9700980792435222,0.9763973177871544,2,0.022648019467461658,True,True,True,effective-bandwidth-overlap-v2
H100,pearson_backward,Pearson backward,pairwise statistics,4096,32768,block_read,1.13206,1.131736,1.1323239999999999,1.5023472595214844,1.5019805603027343,1.5031752014160156,1.454122314453125,1.4538629150390627,1.45517578125,1024,8,0.744963,0.7448424,0.7456006000000001,8,cuda_nodsmem,1.13206,2.0166736596602575,1.9519389747586455,1.519619095176539,1.519619095176539,1.517885044620404,1.5202195793365145,4,0.06240085199671654,True,True,True,effective-bandwidth-overlap-v2
H100,pearson_backward,Pearson backward,pairwise statistics,4096,65536,block_read,2.2777,2.277054,2.287186,3.2332730102539062,3.2329411010742186,3.2338792114257813,2.9081912231445313,2.9079959716796875,2.9083833007812503,1024,8,1.56379,1.5594240000000001,1.565202,8,cuda_nodsmem,2.2777,2.067587726135802,1.8597070087061123,1.4565254925533477,1.4565254925533477,1.4547988055215877,1.4666864175490437,8,0.09705219497459262,True,True,True,effective-bandwidth-overlap-v2
H100,softmax_logits_backward,Softmax-logits backward,softmax,4096,4096,block_smem,0.0742608,0.07421138,0.07432757999999999,0.07190879821777343,0.07186566257476806,0.0719406089782715,0.11789152145385742,0.11786047935485841,0.11790777587890625,1024,8,0.0961962,0.09614692,0.09622812,2,torch.compile,0.07190879821777343,0.7475222328717084,1.2255320007844117,0.7719722816493791,0.7475222328717084,0.7468260065225015,0.7482362303261664,2,-0.014901883036687116,False,False,True,effective-bandwidth-overlap-v2
H100,softmax_logits_backward,Softmax-logits backward,softmax,4096,8192,block_smem,0.153392,0.1533262,0.1535164,0.14243295669555664,0.1423891830444336,0.1424632968902588,0.25743520736694336,0.2574143981933594,0.25745344543457027,1024,8,0.162386,0.1623192,0.1624044,2,torch.compile,0.14243295669555664,0.8771258402544347,1.5853288298679895,0.9446134518985627,0.8771258402544347,0.876756929273059,0.8776737249213821,2,-0.0030678133407535677,False,False,True,effective-bandwidth-overlap-v2
H100,softmax_logits_backward,Softmax-logits backward,softmax,4096,16384,block_smem,0.522297,0.5216714,0.5224508,0.29317440032958986,0.2928112564086914,0.2932462043762207,0.5395347213745117,0.5394760208129883,0.5396326522827148,1024,8,0.320404,0.32021499999999997,0.3204870000000001,2,torch.compile,0.29317440032958986,0.9150147948514683,1.6839200552256268,1.6301200983758004,0.9150147948514683,0.913644723214019,0.9157790995931505,2,0.12555212605111354,True,True,True,effective-bandwidth-overlap-v2
H100,softmax_logits_backward,Softmax-logits backward,softmax,4096,32768,block_read,1.25864,1.257768,1.258894,0.5794083023071289,0.5792580337524413,0.5797597961425781,1.0752963256835937,1.0752810668945314,1.0753384399414063,1024,8,0.670396,0.670348,0.670613,8,torch.compile,0.5794083023071289,0.8642776840958611,1.6039718698852525,1.8774575027297298,0.8642776840958611,0.8637739407861782,0.8648639156715289,4,0.3517382766726489,True,True,True,effective-bandwidth-overlap-v2
H100,softmax_logits_backward,Softmax-logits backward,softmax,4096,65536,block_read,2.54297,2.542956,2.543088,2.051607360839844,2.0515046081542967,2.0520270385742188,2.1556060791015623,2.1555723571777343,2.155733825683594,1024,8,1.40609,1.405864,1.4072040000000001,8,torch.compile,2.051607360839844,1.4590868015844247,1.5330498610341885,1.8085399938837485,1.4590868015844247,1.4578587100052989,1.4596198768687574,8,0.6747273875339181,True,True,True,effective-bandwidth-overlap-v2
H100,lars_momentum,LARS momentum,optimizer,4096,4096,block_smem,0.120902,0.1207818,0.12103560000000001,0.11532768249511718,0.11528742599487304,0.11534758377075195,0.1776924705505371,0.17765048980712891,0.17769407272338866,1024,8,0.118283,0.118237,0.1182966,2,torch.compile,0.11532768249511718,0.9750148583914611,1.502265503500394,1.022141812432894,0.9750148583914611,0.9745624641356814,0.9755625038757069,2,-0.004122699658799176,False,True,False,effective-bandwidth-overlap-v2
H100,lars_momentum,LARS momentum,optimizer,4096,8192,block_smem,0.276186,0.27605979999999997,0.2762168,0.22661151885986328,0.2266024932861328,0.22671526336669923,0.36120574951171874,0.36118515777587884,0.3612350006103516,1024,8,0.23184,0.23175020000000002,0.232134,4,torch.compile,0.22661151885986328,0.977447890182295,1.5579958139739423,1.1912784679089028,0.977447890182295,0.9761710619130881,0.9782742943337231,2,0.007474762027958297,True,True,True,effective-bandwidth-overlap-v2
H100,lars_momentum,LARS momentum,optimizer,4096,16384,block_smem,0.733971,0.7338732,0.7356851999999999,0.44863487243652345,0.4482927932739258,0.448757682800293,0.7265711975097656,0.7265328674316407,0.726621368408203,1024,8,0.461916,0.4618576,0.46203200000000005,8,torch.compile,0.44863487243652345,0.9712477429587273,1.5729509207513177,1.5889707219494456,0.9712477429587273,0.9702635169726896,0.97163645851079,2,0.08794286040147328,True,True,True,effective-bandwidth-overlap-v2
H100,lars_momentum,LARS momentum,optimizer,4096,32768,block_read,1.48645,1.48637,1.486852,0.9066438293457031,0.9064736633300782,0.9066686401367188,1.4504194641113282,1.4504078979492185,1.4504377136230469,1024,8,0.938172,0.9377936,0.9405207999999999,8,torch.compile,0.9066438293457031,0.9663940400541725,1.5460059180100538,1.5844109608899009,0.9663940400541725,0.9637996983480623,0.9668104368986083,2,0.1869566321485032,True,True,True,effective-bandwidth-overlap-v2
H100,lars_momentum,LARS momentum,optimizer,4096,65536,block_read,3.00325,3.001876,3.0053360000000002,2.2958908081054688,2.2953840942382815,2.296998321533203,2.9098495483398437,2.9097299194335937,2.909977172851562,1024,8,2.19657,2.179956,2.200624,8,torch.compile,2.2958908081054688,1.0452163182167966,1.324724251146034,1.3672452960752446,1.0452163182167966,1.0430605565686286,1.0536902219738395,4,0.3641641616218053,True,True,True,effective-bandwidth-overlap-v2
H100,rowwise_quant,Row-wise int8 quantization,quantization,4096,4096,block_read+block_smem,0.0323613,0.032326560000000004,0.03253316,0.04463903903961182,0.04217804813385009,0.04590028667449951,0.03241024017333984,0.032394943714141845,0.032432960987091065,1024,8,0.0470035,0.04695900000000001,0.047028520000000004,2,cuda_nodsmem,0.0323613,0.9496960660293771,0.6895282303092289,0.6884870275617774,0.6884870275617774,0.6873820396644419,0.692799250409932,2,-0.010204335110525828,False,False,True,effective-bandwidth-overlap-v2
H100,rowwise_quant,Row-wise int8 quantization,quantization,4096,8192,block_smem,0.0613744,0.061357020000000005,0.06152816,0.05897632122039795,0.058922177314758295,0.05898265647888184,0.07472864151000977,0.07470028972625734,0.07482636928558349,1024,8,0.0693466,0.06933049999999999,0.06935776,2,torch.compile,0.05897632122039795,0.8504572858712317,1.077610748183902,0.8850383436246335,0.8504572858712317,0.8495397964807152,0.8507461575912744,2,-0.009722403437162226,False,False,True,effective-bandwidth-overlap-v2
H100,rowwise_quant,Row-wise int8 quantization,quantization,4096,16384,block_smem,0.118814,0.1187438,0.1188934,0.11360480308532715,0.11357664299011232,0.11365587615966798,0.2051580810546875,0.20513689422607423,0.20526008987426758,1024,8,0.125077,0.1247982,0.1251162,2,torch.compile,0.11360480308532715,0.9082789248649005,1.64025425181838,0.9499268450634409,0.9082789248649005,0.9077692815967261,0.9107172712400338,2,-0.012319851201546127,False,False,True,effective-bandwidth-overlap-v2
H100,rowwise_quant,Row-wise int8 quantization,quantization,4096,32768,block_smem,0.358556,0.3584522,0.35972040000000005,0.23658720016479493,0.2364610481262207,0.23668505477905274,0.4053532791137695,0.40527442169189454,0.40544113922119146,1024,8,0.250425,0.2503972,0.2504254,4,torch.compile,0.23658720016479493,0.9447427380045719,1.6186613920885276,1.4317899570729757,0.9447427380045719,0.9442374780122971,0.945238424307671,2,0.03296503104746383,True,True,True,effective-bandwidth-overlap-v2
H100,rowwise_quant,Row-wise int8 quantization,quantization,4096,65536,block_read,0.837663,0.8375712000000001,0.8379962000000001,0.6113030242919922,0.6111991653442383,0.611723907470703,0.8120697784423828,0.8120368194580079,0.8121082153320313,1024,8,0.502851,0.5027908,0.5030922,8,torch.compile,0.6113030242919922,1.215674273874353,1.6149312190736078,1.6658274518694405,1.215674273874353,1.2148849959197108,1.2166569226618766,4,0.10886158706286697,True,True,True,effective-bandwidth-overlap-v2
